org_id,org_name,org_type,homepage_url,jobs_url,jobs_source_type,adapter,confidence,discovered_via,last_verified,notes
fn-0446-albany,Albany,first_nation,,,manual_review,manual,0.0,manual,2026-10-01,Profile resolved but Web Site URL not provided in profile. | Homepage URL unavailable.
fn-0449-animakee-wa-zhing-37,Animakee Wa Zhing #37,first_nation,https://www.animakeewazhing37.com/,,manual_review,manual,0.0,manual,2026-10-01,No reliable jobs URL discovered automatically.
fn-0451-anishinabe-of-wauzhushk-onigum,Anishinabe of Wauzhushk Onigum,first_nation,,,manual_review,manual,0.0,manual,2026-10-01,Profile resolved but Web Site URL not provided in profile. | Homepage URL unavailable.
fn-0452-anishnaabeg-of-naongashiing,Anishnaabeg of Naongashiing,first_nation,,,manual_review,manual,0.0,manual,2026-10-01,Profile resolved but Web Site URL not provided in profile. | Homepage URL unavailable.
fn-0454-aroland,Aroland,first_nation,https://www.arolandfirstnation.ca/,,manual_review,manual,0.0,manual,2026-10-01,No reliable jobs URL discovered automatically.
fn-0457-aundeck-omni-kaning,Aundeck-Omni-Kaning,first_nation,http://www.aundeckomnikaningfn.com/,,manual_review,manual,0.0,manual,2026-10-01,No reliable jobs URL discovered automatically.
fn-0458-batchewana-first-nation,Batchewana First Nation,first_nation,http://www.batchewana.ca/,,manual_review,manual,0.0,manual,2026-10-01,No reliable jobs URL discovered automatically.
fn-0459-bay-of-quinte-mohawk,Bay of Quinte Mohawk,first_nation,,,manual_review,manual,0.0,manual,2026-10-01,Profile resolved but Web Site URL not provided in profile. | Homepage URL unavailable.
fn-0460-bearfoot-onondaga,Bearfoot Onondaga,first_nation,,,manual_review,manual,0.0,manual,2026-10-01,Profile resolved but Web Site URL not provided in profile. | Homepage URL unavailable.
fn-0463-biigtigong-nishnaabeg,Biigtigong Nishnaabeg,first_nation,,,manual_review,manual,0.0,manual,2026-10-01,Profile resolved but Web Site URL not provided in profile. | Homepage URL unavailable.
fn-0466-brunswick-house,Brunswick House,first_nation,http://brunswickhousefirstnation.com/,,manual_review,manual,0.0,manual,2026-10-01,No reliable jobs URL discovered automatically.
fn-0469-chapleau-cree-first-nation,Chapleau Cree First Nation,first_nation,https://chapleaucree.ca/,,manual_review,manual,0.0,manual,2026-10-01,No reliable jobs URL discovered automatically.
fn-0474-chippewas-of-rama-first-nation,Chippewas of Rama First Nation,first_nation,http://www.mnjikaning.ca/,,manual_review,manual,0.0,manual,2026-10-01,No reliable jobs URL discovered automatically.
mun-0013-city-of-greater-sudbury,City of Greater Sudbury,municipality,http://www.city.greatersudbury.on.ca/,,manual_review,manual,0.0,manual,2026-10-01,No reliable jobs URL discovered automatically.
mun-0027-city-of-ottawa,City of Ottawa,municipality,http://ottawa.ca/,,manual_review,manual,0.0,manual,2026-10-01,No reliable jobs URL discovered automatically.
fn-0476-constance-lake,Constance Lake,first_nation,https://constancelake.ca/,,manual_review,manual,0.0,manual,2026-10-01,No reliable jobs URL discovered automatically.
mun-0061-county-of-lennox-and-addington,County of Lennox and Addington,municipality,http://www.lennox-addington.on.ca/,,manual_review,manual,0.0,manual,2026-10-01,No reliable jobs URL discovered automatically.
fn-0478-curve-lake,Curve Lake,first_nation,http://www.curvelakefirstnation.ca/,,manual_review,manual,0.0,manual,2026-10-01,No reliable jobs URL discovered automatically.
fn-0479-deer-lake,Deer Lake,first_nation,http://deerlake.firstnation.ca/,,manual_review,manual,0.0,manual,2026-10-01,Profile resolved but Web Site URL not provided in profile. | Homepage discovered via Wikidata fallback. | No reliable jobs URL discovered automatically.
fn-0480-delaware,Delaware,first_nation,,,manual_review,manual,0.0,manual,2026-10-01,Profile resolved but Web Site URL not provided in profile. | Homepage URL unavailable.
fn-0482-eabametoong-first-nation,Eabametoong First Nation,first_nation,,,manual_review,manual,0.0,manual,2026-10-01,Profile resolved but Web Site URL not provided in profile. | Homepage URL unavailable.
fn-0487-gakijiwanong-anishinaabe-nation,Gakijiwanong Anishinaabe Nation,first_nation,http://www.laclacroixfn.ca/,,manual_review,manual,0.0,manual,2026-10-01,No reliable jobs URL discovered automatically.
fn-0489-ginoogaming-first-nation,Ginoogaming First Nation,first_nation,,,manual_review,manual,0.0,manual,2026-10-01,Profile resolved but Web Site URL not provided in profile. | Homepage URL unavailable.
fn-0490-grassy-narrows-first-nation,Grassy Narrows First Nation,first_nation,,,manual_review,manual,0.0,manual,2026-10-01,Profile resolved but Web Site URL not provided in profile. | Homepage URL unavailable.
fn-0491-gull-bay,Gull Bay,first_nation,,,manual_review,manual,0.0,manual,2026-10-01,Profile resolved but Web Site URL not provided in profile. | Homepage URL unavailable.
fn-0494-iskatewizaagegan-39-independent-first-nation,Iskatewizaagegan #39 Independent First Nation,first_nation,,,manual_review,manual,0.0,manual,2026-10-01,Profile resolved but Web Site URL not provided in profile. | Homepage URL unavailable.
fn-0495-kasabonika-lake,Kasabonika Lake,first_nation,,,manual_review,manual,0.0,manual,2026-10-01,Profile resolved but Web Site URL not provided in profile. | Homepage URL unavailable.
fn-0496-kashechewan,Kashechewan,first_nation,,,manual_review,manual,0.0,manual,2026-10-01,Profile resolved but Web Site URL not provided in profile. | Homepage URL unavailable.
fn-0500-konadaha-seneca,Konadaha Seneca,first_nation,,,manual_review,manual,0.0,manual,2026-10-01,Profile resolved but Web Site URL not provided in profile. | Homepage URL unavailable.
fn-0504-lower-cayuga,Lower Cayuga,first_nation,,,manual_review,manual,0.0,manual,2026-10-01,Profile resolved but Web Site URL not provided in profile. | Homepage URL unavailable.
fn-0505-lower-mohawk,Lower Mohawk,first_nation,,,manual_review,manual,0.0,manual,2026-10-01,Profile resolved but Web Site URL not provided in profile. | Homepage URL unavailable.
fn-0510-mattagami,Mattagami,first_nation,https://mattagami.com/,,manual_review,manual,0.0,manual,2026-10-01,No reliable jobs URL discovered automatically.
fn-0518-mitaanjigamiing-first-nation,Mitaanjigamiing First Nation,first_nation,,,manual_review,manual,0.0,manual,2026-10-01,Profile resolved but Web Site URL not provided in profile. | Homepage URL unavailable.
fn-0520-mohawks-of-the-bay-of-quinte,Mohawks of the Bay of Quinte,first_nation,http://www.mbq-tmt.org/,,manual_review,manual,0.0,manual,2026-10-01,No reliable jobs URL discovered automatically.
fn-0521-moose-cree-first-nation,Moose Cree First Nation,first_nation,http://www.moosecree.com/,,manual_review,manual,0.0,manual,2026-10-01,No reliable jobs URL discovered automatically.
fn-0523-moravian-of-the-thames,Moravian of the Thames,first_nation,,,manual_review,manual,0.0,manual,2026-10-01,Profile resolved but Web Site URL not provided in profile. | Homepage URL unavailable.
mun-0079-municipality-of-brooke-alvinston,Municipality of Brooke-Alvinston,municipality,https://www.brookealvinston.com/,,manual_review,manual,0.0,manual,2026-10-01,No reliable jobs URL discovered automatically.
mun-0080-municipality-of-callander,Municipality of Callander,municipality,http://callander.ca/,,manual_review,manual,0.0,manual,2026-10-01,No reliable jobs URL discovered automatically.
mun-0086-municipality-of-charlton-and-dack,Municipality of Charlton and Dack,municipality,https://www.charltonanddack.com/,,manual_review,manual,0.0,manual,2026-10-01,No reliable jobs URL discovered automatically.
mun-0090-municipality-of-east-ferris,Municipality of East Ferris,municipality,https://eastferris.ca/,,manual_review,manual,0.0,manual,2026-10-01,No reliable jobs URL discovered automatically.
mun-0110-municipality-of-north-grenville,Municipality of North Grenville,municipality,http://www.northgrenville.ca/,,manual_review,manual,0.0,manual,2026-10-01,No reliable jobs URL discovered automatically.
mun-0124-municipality-of-st-charles,Municipality of St. Charles,municipality,https://www.stcharlesontario.ca/,,manual_review,manual,0.0,manual,2026-10-01,No reliable jobs URL discovered automatically.
mun-0130-municipality-of-tweed,Municipality of Tweed,municipality,https://www.tweed.ca/,,manual_review,manual,0.0,manual,2026-10-01,No reliable jobs URL discovered automatically.
fn-0527-naicatchewenin,Naicatchewenin,first_nation,http://naicatcheweninfirstnation.ca/,,manual_review,manual,0.0,manual,2026-10-01,No reliable jobs URL discovered automatically.
fn-0528-naotkamegwanning,Naotkamegwanning,first_nation,,,manual_review,manual,0.0,manual,2026-10-01,Profile resolved but Web Site URL not provided in profile. | Homepage URL unavailable.
fn-0529-neskantaga-first-nation,Neskantaga First Nation,first_nation,https://neskantaga.com/,,manual_review,manual,0.0,manual,2026-10-01,No reliable jobs URL discovered automatically.
fn-0531-nibinamik-first-nation,Nibinamik First Nation,first_nation,https://nibinamik.ca/,,manual_review,manual,0.0,manual,2026-10-01,Profile resolved but Web Site URL not provided in profile. | Homepage discovered via Wikidata fallback. | No reliable jobs URL discovered automatically.
fn-0533-niharondasa-seneca,Niharondasa Seneca,first_nation,,,manual_review,manual,0.0,manual,2026-10-01,Profile resolved but Web Site URL not provided in profile. | Homepage URL unavailable.
fn-0534-niisaachewan-anishinaabe-nation,Niisaachewan Anishinaabe Nation,first_nation,https://www.niisaachewan.ca/,,manual_review,manual,0.0,manual,2026-10-01,No reliable jobs URL discovered automatically.
fn-0535-nipissing-first-nation,Nipissing First Nation,first_nation,http://www.nfn.ca/,,manual_review,manual,0.0,manual,2026-10-01,No reliable jobs URL discovered automatically.
fn-0537-north-spirit-lake,North Spirit Lake,first_nation,http://nsl.firstnation.ca/,,manual_review,manual,0.0,manual,2026-10-01,Profile resolved but Web Site URL not provided in profile. | Homepage discovered via Wikidata fallback. | No reliable jobs URL discovered automatically.
fn-0538-northwest-angle-no-33,Northwest Angle No.33,first_nation,,,manual_review,manual,0.0,manual,2026-10-01,Profile resolved but Web Site URL not provided in profile. | Homepage URL unavailable.
fn-0539-ojibway-nation-of-saugeen,Ojibway Nation of Saugeen,first_nation,,,manual_review,manual,0.0,manual,2026-10-01,Profile resolved but Web Site URL not provided in profile. | Homepage URL unavailable.
fn-0541-oneida,Oneida,first_nation,,,manual_review,manual,0.0,manual,2026-10-01,Profile resolved but Web Site URL not provided in profile. | Homepage URL unavailable.
fn-0542-oneida-nation-of-the-thames,Oneida Nation of the Thames,first_nation,http://www.oneida.on.ca/,,manual_review,manual,0.0,manual,2026-10-01,No reliable jobs URL discovered automatically.
fn-0543-onondaga-clear-sky,Onondaga Clear Sky,first_nation,,,manual_review,manual,0.0,manual,2026-10-01,Profile resolved but Web Site URL not provided in profile. | Homepage URL unavailable.
fn-0551-sandy-lake,Sandy Lake,first_nation,,,manual_review,manual,0.0,manual,2026-10-01,Profile resolved but Web Site URL not provided in profile. | Homepage URL unavailable.
fn-0553-seine-river-first-nation,Seine River First Nation,first_nation,http://seineriverfirstnation.ca/,,manual_review,manual,0.0,manual,2026-10-01,No reliable jobs URL discovered automatically.
fn-0555-shawanaga-first-nation,Shawanaga First Nation,first_nation,http://www.shawanagafirstnation.ca/index.php/en,,manual_review,manual,0.0,manual,2026-10-01,No reliable jobs URL discovered automatically.
fn-0558-shoal-lake-no-40,Shoal Lake No.40,first_nation,https://shoallake40.ca/,,manual_review,manual,0.0,manual,2026-10-01,No reliable jobs URL discovered automatically.
fn-0563-thessalon,Thessalon,first_nation,,,manual_review,manual,0.0,manual,2026-10-01,Profile resolved but Web Site URL not provided in profile. | Homepage URL unavailable.
mun-0152-town-of-bancroft,Town of Bancroft,municipality,https://www.bancroft.ca/,,manual_review,manual,0.0,manual,2026-10-01,No reliable jobs URL discovered automatically.
mun-0184-town-of-huntsville,Town of Huntsville,municipality,http://www.town.huntsville.on.ca/,,manual_review,manual,0.0,manual,2026-10-01,No reliable jobs URL discovered automatically.
mun-0218-town-of-rainy-river,Town of Rainy River,municipality,https://rainyriver.ca/,,manual_review,manual,0.0,manual,2026-10-01,No reliable jobs URL discovered automatically.
mun-0223-town-of-south-bruce-peninsula,Town of South Bruce Peninsula,municipality,https://southbrucepeninsula.com/,,manual_review,manual,0.0,manual,2026-10-01,No reliable jobs URL discovered automatically.
mun-0232-township-of-addington-highlands,Township of Addington Highlands,municipality,https://addingtonhighlands.ca/,,manual_review,manual,0.0,manual,2026-10-01,No reliable jobs URL discovered automatically.
mun-0246-township-of-athens,Township of Athens,municipality,https://athenstownship.ca/,,manual_review,manual,0.0,manual,2026-10-01,No reliable jobs URL discovered automatically.
mun-0249-township-of-baldwin,Township of Baldwin,municipality,https://baldwin.ca/,,manual_review,manual,0.0,manual,2026-10-01,No reliable jobs URL discovered automatically.
mun-0250-township-of-beckwith,Township of Beckwith,municipality,https://beckwith.ca/,,manual_review,manual,0.0,manual,2026-10-01,No reliable jobs URL discovered automatically.
mun-0255-township-of-brethour,Township of Brethour,municipality,https://brethourtownship.ca/,,manual_review,manual,0.0,manual,2026-10-01,No reliable jobs URL discovered automatically.
mun-0260-township-of-carling,Township of Carling,municipality,https://carling.ca/,,manual_review,manual,0.0,manual,2026-10-01,No reliable jobs URL discovered automatically.
mun-0261-township-of-carlow-mayo,Township of Carlow/Mayo,municipality,http://www.carlowmayo.ca/,,manual_review,manual,0.0,manual,2026-10-01,No reliable jobs URL discovered automatically.
mun-0266-township-of-chamberlain,Township of Chamberlain,municipality,https://www.chamberlaintownship.com/,,manual_review,manual,0.0,manual,2026-10-01,No reliable jobs URL discovered automatically.
mun-0273-township-of-cockburn-island,Township of Cockburn Island,municipality,https://cockburnisland.ca/index.php,,manual_review,manual,0.0,manual,2026-10-01,No reliable jobs URL discovered automatically.
mun-0277-township-of-dawn-euphemia,Township of Dawn-Euphemia,municipality,https://dawneuphemia.ca/,,manual_review,manual,0.0,manual,2026-10-01,No reliable jobs URL discovered automatically.
mun-0278-township-of-dawson,Township of Dawson,municipality,https://www.dawsontownship.ca/,,manual_review,manual,0.0,manual,2026-10-01,No reliable jobs URL discovered automatically.
mun-0290-township-of-enniskillen,Township of Enniskillen,municipality,https://www.enniskillen.ca/,,manual_review,manual,0.0,manual,2026-10-01,No reliable jobs URL discovered automatically.
mun-0292-township-of-evanturel,Township of Evanturel,municipality,https://evanturel.com/,,manual_review,manual,0.0,manual,2026-10-01,No reliable jobs URL discovered automatically.
mun-0293-township-of-faraday,Township of Faraday,municipality,http://www.faraday.ca/,,manual_review,manual,0.0,manual,2026-10-01,No reliable jobs URL discovered automatically.
mun-0296-township-of-frontenac-islands,Township of Frontenac Islands,municipality,https://www.frontenacislands.ca/,,manual_review,manual,0.0,manual,2026-10-01,No reliable jobs URL discovered automatically.
mun-0304-township-of-harley,Township of Harley,municipality,https://harley.ca/,,manual_review,manual,0.0,manual,2026-10-01,No reliable jobs URL discovered automatically.
mun-0305-township-of-harris,Township of Harris,municipality,https://harristownship.weebly.com/,,manual_review,manual,0.0,manual,2026-10-01,No reliable jobs URL discovered automatically.
mun-0312-township-of-hudson,Township of Hudson,municipality,https://hudson.ca/,,manual_review,manual,0.0,manual,2026-10-01,No reliable jobs URL discovered automatically.
mun-0317-township-of-johnson,Township of Johnson,municipality,https://johnsontownship.ca/,,manual_review,manual,0.0,manual,2026-10-01,No reliable jobs URL discovered automatically.
mun-0319-township-of-kerns,Township of Kerns,municipality,https://kerns.ca/,,manual_review,manual,0.0,manual,2026-10-01,No reliable jobs URL discovered automatically.
mun-0322-township-of-la-vallee,Township of La Vallee,municipality,https://lavallee.ca/,,manual_review,manual,0.0,manual,2026-10-01,No reliable jobs URL discovered automatically.
mun-0325-township-of-lake-of-the-woods,Township of Lake of the Woods,municipality,https://www.lakeofthewoods.ca/,,manual_review,manual,0.0,manual,2026-10-01,No reliable jobs URL discovered automatically.
mun-0330-township-of-limerick,Township of Limerick,municipality,https://limerick.ca/,,manual_review,manual,0.0,manual,2026-10-01,No reliable jobs URL discovered automatically.
mun-0333-township-of-macdonald-meredith-aberdeen-add-l,"Township of Macdonald, Meredith & Aberdeen Add'l",municipality,http://www.echobay.ca/,,manual_review,manual,0.0,manual,2026-10-01,No reliable jobs URL discovered automatically.
mun-0337-township-of-madoc,Township of Madoc,municipality,http://www.madoc.ca/,,manual_review,manual,0.0,manual,2026-10-01,No reliable jobs URL discovered automatically.
mun-0341-township-of-matachewan,Township of Matachewan,municipality,https://www.matachewan.com/,,manual_review,manual,0.0,manual,2026-10-01,No reliable jobs URL discovered automatically.
mun-0342-township-of-mattawan,Township of Mattawan,municipality,https://mattawan.ca/,,manual_review,manual,0.0,manual,2026-10-01,No reliable jobs URL discovered automatically.
mun-0343-township-of-mattice-val-cote,Township of Mattice-Val Cote,municipality,https://www.matticevalcote.ca/,,manual_review,manual,0.0,manual,2026-10-01,No reliable jobs URL discovered automatically.
mun-0353-township-of-moonbeam,Township of Moonbeam,municipality,http://www.moonbeam.ca/,,manual_review,manual,0.0,manual,2026-10-01,No reliable jobs URL discovered automatically.
mun-0354-township-of-morley,Township of Morley,municipality,https://townshipofmorley.ca/,,manual_review,manual,0.0,manual,2026-10-01,No reliable jobs URL discovered automatically.
mun-0359-township-of-nipissing,Township of Nipissing,municipality,https://nipissingtownship.com/,,manual_review,manual,0.0,manual,2026-10-01,No reliable jobs URL discovered automatically.
mun-0363-township-of-north-frontenac,Township of North Frontenac,municipality,https://www.northfrontenac.com/,,manual_review,manual,0.0,manual,2026-10-01,No reliable jobs URL discovered automatically.
mun-0369-township-of-o-connor,Township of O'Connor,municipality,http://www.oconnortownship.ca/,,manual_review,manual,0.0,manual,2026-10-01,No reliable jobs URL discovered automatically.
mun-0370-township-of-opasatika,Township of Opasatika,municipality,https://www.opasatika.net/,,manual_review,manual,0.0,manual,2026-10-01,No reliable jobs URL discovered automatically.
mun-0373-township-of-papineau-cameron,Township of Papineau-Cameron,municipality,https://papineaucameron.ca/,,manual_review,manual,0.0,manual,2026-10-01,No reliable jobs URL discovered automatically.
mun-0378-township-of-pickle-lake,Township of Pickle Lake,municipality,http://www.picklelake.ca/,,manual_review,manual,0.0,manual,2026-10-01,No reliable jobs URL discovered automatically.
mun-0388-township-of-schreiber,Township of Schreiber,municipality,http://www.schreiber.ca/,,manual_review,manual,0.0,manual,2026-10-01,No reliable jobs URL discovered automatically.
mun-0403-township-of-st-clair,Township of St. Clair,municipality,https://stclairtownship.ca/,,manual_review,manual,0.0,manual,2026-10-01,No reliable jobs URL discovered automatically.
mun-0409-township-of-tarbutt,Township of Tarbutt,municipality,https://tarbutt.ca/,,manual_review,manual,0.0,manual,2026-10-01,No reliable jobs URL discovered automatically.
mun-0412-township-of-tehkummah,Township of Tehkummah,municipality,https://tehkummah.ca/,,manual_review,manual,0.0,manual,2026-10-01,No reliable jobs URL discovered automatically.
mun-0417-township-of-tudor-cashel,Township of Tudor & Cashel,municipality,http://www.tudorandcashel.com/,,manual_review,manual,0.0,manual,2026-10-01,No reliable jobs URL discovered automatically.
mun-0418-township-of-tyendinaga,Township of Tyendinaga,municipality,http://www.tyendinagatownship.com/,,manual_review,manual,0.0,manual,2026-10-01,No reliable jobs URL discovered automatically.
mun-0429-township-of-wollaston,Township of Wollaston,municipality,http://www.wollaston.ca/,,manual_review,manual,0.0,manual,2026-10-01,No reliable jobs URL discovered automatically.
fn-0564-tuscarora,Tuscarora,first_nation,,,manual_review,manual,0.0,manual,2026-10-01,Profile resolved but Web Site URL not provided in profile. | Homepage URL unavailable.
mun-0432-united-counties-of-prescott-and-russell,United Counties of Prescott and Russell,municipality,https://www.prescott-russell.on.ca/,,manual_review,manual,0.0,manual,2026-10-01,No reliable jobs URL discovered automatically.
fn-0565-upper-cayuga,Upper Cayuga,first_nation,,,manual_review,manual,0.0,manual,2026-10-01,Profile resolved but Web Site URL not provided in profile. | Homepage URL unavailable.
fn-0566-upper-mohawk,Upper Mohawk,first_nation,,,manual_review,manual,0.0,manual,2026-10-01,Profile resolved but Web Site URL not provided in profile. | Homepage URL unavailable.
mun-0436-village-of-hilton-beach,Village of Hilton Beach,municipality,http://www.hiltonbeach.com/,,manual_review,manual,0.0,manual,2026-10-01,No reliable jobs URL discovered automatically.
mun-0444-village-of-westport,Village of Westport,municipality,https://villageofwestport.ca/,,manual_review,manual,0.0,manual,2026-10-01,No reliable jobs URL discovered automatically.
fn-0568-wabauskang-first-nation,Wabauskang First Nation,first_nation,,,manual_review,manual,0.0,manual,2026-10-01,Profile resolved but Web Site URL not provided in profile. | Homepage URL unavailable.
fn-0571-wahta-mohawk,Wahta Mohawk,first_nation,http://www.wahta.ca/,,manual_review,manual,0.0,manual,2026-10-01,No reliable jobs URL discovered automatically.
fn-0572-walker-mohawk,Walker Mohawk,first_nation,,,manual_review,manual,0.0,manual,2026-10-01,Profile resolved but Web Site URL not provided in profile. | Homepage URL unavailable.
fn-0574-wapekeka,Wapekeka,first_nation,http://www.wapekeka.ca/,,manual_review,manual,0.0,manual,2026-10-01,No reliable jobs URL discovered automatically.
fn-0576-washagamis-bay,Washagamis Bay,first_nation,,,manual_review,manual,0.0,manual,2026-10-01,Profile resolved but Web Site URL not provided in profile. | Homepage URL unavailable.
fn-0579-weenusk,Weenusk,first_nation,,,manual_review,manual,0.0,manual,2026-10-01,Profile resolved but Web Site URL not provided in profile. | Homepage URL unavailable.
fn-0581-whitesand,Whitesand,first_nation,http://www.wsfn.ca/,,manual_review,manual,0.0,manual,2026-10-01,No reliable jobs URL discovered automatically.
fn-0583-wunnumin,Wunnumin,first_nation,https://wunnumin.com/,,manual_review,manual,0.0,manual,2026-10-01,No reliable jobs URL discovered automatically.
fn-0450-animbiigoo-zaagi-igan-anishinaabek,Animbiigoo Zaagi'igan Anishinaabek,first_nation,http://www.aza.ca/,https://www.aza.ca/employment--training,unknown,generic_dom,0.5,link_text,2026-10-01,
fn-0453-apitipi-anicinapek-nation,Apitipi Anicinapek Nation,first_nation,https://apitipi.ca/,https://apitipi.ca/employment,unknown,generic_dom,0.5,link_text,2026-10-01,
fn-0461-bearskin-lake,Bearskin Lake,first_nation,https://www.windigo.on.ca/bearskin-lake-first-nation,https://www.windigo.on.ca/careers,unknown,generic_dom,0.5,path_guess,2026-10-01,
fn-0464-biinjitiwaabik-zaaging-anishinaabek,Biinjitiwaabik Zaaging Anishinaabek,first_nation,http://www.rockybayfn.ca/,http://www.rockybayfn.ca/job-board,unknown,generic_dom,0.5,link_text,2026-10-01,
fn-0468-cat-lake,Cat Lake,first_nation,https://www.catlakefirstnation.com/,https://www.catlakefirstnation.com/about/careers,unknown,generic_dom,0.5,path_guess,2026-10-01,
fn-0473-chippewas-of-nawash-first-nation,Chippewas of Nawash First Nation,first_nation,http://www.nawash.ca/,https://nawash.ca/employment,unknown,generic_dom,0.5,link_text,2026-10-01,
fn-0475-chippewas-of-the-thames-first-nation,Chippewas of the Thames First Nation,first_nation,http://www.cottfn.com/,https://cottfn.com/departments/employment-and-training,unknown,generic_dom,0.5,link_text,2026-10-01,
mun-0025-city-of-orillia,City of Orillia,municipality,https://www.orillia.ca/,https://www.orillia.ca/careers,unknown,generic_dom,0.5,path_guess,2026-10-01,
mun-0045-city-of-vaughan,City of Vaughan,municipality,http://www.vaughan.ca/,https://www.vaughan.ca/about-city-vaughan/employment-opportunities/work-us,unknown,generic_dom,0.5,manual,2026-10-01,No reliable jobs URL discovered automatically. | Jobs URL discovered via web research fallback.
mun-0060-county-of-lanark,County of Lanark,municipality,https://www.lanarkcounty.ca/,https://www.lanarkcounty.ca/working/careers,unknown,generic_dom,0.5,link_text,2026-10-01,
fn-0485-fort-severn,Fort Severn,first_nation,https://kochiefs.ca/first-nations/fort-severn,https://recruiting.ultipro.ca/KEE5000NCC/JobBoard/0f7cbf31-f68f-4b9a-a175-34c1162ee91c,unknown,generic_dom,0.5,link_text,2026-10-01,
fn-0488-garden-river-first-nation,Garden River First Nation,first_nation,https://www.gardenriver.org/site,https://www.gardenriver.org/site/category/employment,unknown,generic_dom,0.5,link_text,2026-10-01,
fn-0497-keewaywin-first-nation,Keewaywin First Nation,first_nation,https://kochiefs.ca/first-nations/keewaywin,https://recruiting.ultipro.ca/KEE5000NCC/JobBoard/0f7cbf31-f68f-4b9a-a175-34c1162ee91c,unknown,generic_dom,0.5,link_text,2026-10-01,
fn-0511-mcdowell-lake,McDowell Lake,first_nation,https://kochiefs.ca/first-nations/mcdowell-lake,https://recruiting.ultipro.ca/KEE5000NCC/JobBoard/0f7cbf31-f68f-4b9a-a175-34c1162ee91c,unknown,generic_dom,0.5,link_text,2026-10-01,
fn-0513-mishkeegogamang,Mishkeegogamang,first_nation,http://www.mishkeegogamang.ca/,https://mishkeegogamang.ca/services/education,unknown,generic_dom,0.5,link_text,2026-10-01,
fn-0515-mississauga,Mississauga,first_nation,http://www.mississaugi.com/,https://www.mississaugi.com/employment,unknown,generic_dom,0.5,path_guess,2026-10-01,
fn-0517-mississaugas-of-the-credit,Mississaugas of the Credit,first_nation,http://www.mncfn.ca/,https://mncfn.ca/departments/employment-training-2,unknown,generic_dom,0.5,link_text,2026-10-01,
fn-0522-moose-deer-point,Moose Deer Point,first_nation,https://www.moosedeerpoint.ca/,https://www.moosedeerpoint.ca/employment-opportunities,unknown,generic_dom,0.5,path_guess,2026-10-01,Profile resolved but Web Site URL not provided in profile. | Homepage discovered via Wikidata fallback.
mun-0083-municipality-of-central-huron,Municipality of Central Huron,municipality,https://www.centralhuron.ca/,https://www.centralhuron.ca/careers,unknown,generic_dom,0.5,path_guess,2026-10-01,
mun-0092-municipality-of-gordon-barrie-island,Municipality of Gordon/Barrie Island,municipality,https://www.gordonbarrieisland.ca/,https://www.gordonbarrieisland.ca/jobs,unknown,generic_dom,0.5,link_text,2026-10-01,
mun-0099-municipality-of-killarney,Municipality of Killarney,municipality,http://www.municipalityofkillarney.ca/,https://www.municipalityofkillarney.ca/municipal-services/job-opportunities,unknown,generic_dom,0.5,link_text,2026-10-01,
mun-0103-municipality-of-magnetawan,Municipality of Magnetawan,municipality,https://magnetawan.com/,https://magnetawan.com/government/employment-opportunities,unknown,generic_dom,0.5,link_text,2026-10-01,
mun-0108-municipality-of-morris-turnberry,Municipality of Morris-Turnberry,municipality,https://morristurnberry.ca/,https://morristurnberry.ca/government/employment,unknown,generic_dom,0.5,link_text,2026-10-01,
mun-0116-municipality-of-powassan,Municipality of Powassan,municipality,https://www.powassan.net/,https://www.powassan.net/your-municipal-government/departments/human-resources/employment-opportunities,unknown,generic_dom,0.5,link_text,2026-10-01,
mun-0123-municipality-of-southwest-middlesex,Municipality of Southwest Middlesex,municipality,https://www.southwestmiddlesex.ca/,https://www.southwestmiddlesex.ca/administration/structure/menus/main-navigation/join-our-team,unknown,generic_dom,0.5,path_guess,2026-10-01,
mun-0132-municipality-of-west-elgin,Municipality of West Elgin,municipality,https://www.westelgin.net/,https://www.westelgin.net/living-here/employment-services-elgin,unknown,generic_dom,0.5,link_text,2026-10-01,
mun-0134-municipality-of-west-nipissing,Municipality of West Nipissing,municipality,https://www.westnipissing.ca/,https://www.westnipissing.ca/,unknown,generic_dom,0.5,path_guess,2026-10-01,
fn-0532-nigigoonsiminikaaning-first-nation,Nigigoonsiminikaaning First Nation,first_nation,https://nigigoonsiminikaaning.ca/,https://nigigoonsiminikaaning.ca/category/employment,unknown,generic_dom,0.5,link_text,2026-10-01,
fn-0536-north-caribou-lake,North Caribou Lake,first_nation,https://www.windigo.on.ca/north-caribou-lake-first-nation,https://www.windigo.on.ca/careers,unknown,generic_dom,0.5,path_guess,2026-10-01,
fn-0544-pays-plat,Pays Plat,first_nation,https://ppfn.ca/,https://ppfn.ca/careers,unknown,generic_dom,0.5,link_text,2026-10-01,
fn-0546-poplar-hill,Poplar Hill,first_nation,https://kochiefs.ca/first-nations/poplar-hill,https://recruiting.ultipro.ca/KEE5000NCC/JobBoard/0f7cbf31-f68f-4b9a-a175-34c1162ee91c,unknown,generic_dom,0.5,link_text,2026-10-01,
mun-0141-regional-municipality-of-niagara,Regional Municipality of Niagara,municipality,https://www.niagararegion.ca/,https://www.niagararegion.ca/careers,unknown,generic_dom,0.5,path_guess,2026-10-01,
fn-0549-sachigo-lake,Sachigo Lake,first_nation,https://www.windigo.on.ca/sachigo-lake-first-nation,https://www.windigo.on.ca/careers,unknown,generic_dom,0.5,path_guess,2026-10-01,
fn-0557-sheshegwaning,Sheshegwaning,first_nation,http://www.sheshegwaning.org/,http://www.sheshegwaning.org/energy-projects/employment-training-opportunities,unknown,generic_dom,0.5,link_text,2026-10-01,
fn-0560-slate-falls-nation,Slate Falls Nation,first_nation,https://www.windigo.on.ca/slate-falls-nation,https://www.windigo.on.ca/careers,unknown,generic_dom,0.5,path_guess,2026-10-01,
fn-0562-teme-augama-anishinabek,Teme Augama Anishinabek,first_nation,http://www.temagamifirstnation.ca/,https://temagamifirstnation.ca/employment,unknown,generic_dom,0.5,link_text,2026-10-01,
mun-0157-town-of-caledon,Town of Caledon,municipality,https://www.caledon.ca/en/index.aspx,https://recruiting.ultipro.ca/COR5003CALED/JobBoard/55e2803a-385b-47b1-b911-51dd7ed81d1e?q=&o=postedDateDesc,unknown,generic_dom,0.5,path_guess,2026-10-01,
mun-0163-town-of-deep-river,Town of Deep River,municipality,https://www.deepriver.ca/,https://www.deepriver.ca/jobs,unknown,generic_dom,0.5,path_guess,2026-10-01,
mun-0167-town-of-erin,Town of Erin,municipality,https://www.erin.ca/,https://www.erin.ca/careers,unknown,generic_dom,0.5,path_guess,2026-10-01,
mun-0169-town-of-essex,Town of Essex,municipality,https://www.essex.ca/,https://www.essex.ca/careers,unknown,generic_dom,0.5,path_guess,2026-10-01,
mun-0195-town-of-laurentian-hills,Town of Laurentian Hills,municipality,https://www.laurentianhills.ca/,https://www.laurentianhills.ca/careers,unknown,generic_dom,0.5,path_guess,2026-10-01,
mun-0198-town-of-mattawa,Town of Mattawa,municipality,https://www.mattawa.ca/en,https://www.mattawa.ca/en/your-government/employment-opportunities,unknown,generic_dom,0.5,link_text,2026-10-01,
mun-0222-town-of-smooth-rock-falls,Town of Smooth Rock Falls,municipality,https://smoothrockfalls.ca/,https://smoothrockfalls.ca/living/employment,unknown,generic_dom,0.5,link_text,2026-10-01,
mun-0233-township-of-adelaide-metcalfe,Township of Adelaide Metcalfe,municipality,https://www.adelaidemetcalfe.on.ca/,https://www.adelaidemetcalfe.on.ca/contact-us/employment,unknown,generic_dom,0.5,path_guess,2026-10-01,
mun-0241-township-of-armour,Township of Armour,municipality,https://www.armourtownship.ca/,https://www.armourtownship.ca/employment-opportunities,unknown,generic_dom,0.5,path_guess,2026-10-01,
mun-0248-township-of-augusta,Township of Augusta,municipality,https://augusta.ca/,https://augusta.ca/employment,unknown,generic_dom,0.5,link_text,2026-10-01,
mun-0254-township-of-bonnechere-valley,Township of Bonnechere Valley,municipality,https://www.bonnecherevalleytwp.com/,https://www.bonnecherevalleytwp.com/careers,unknown,generic_dom,0.5,path_guess,2026-10-01,
mun-0258-township-of-burpee-mills,Township of Burpee & Mills,municipality,https://www.burpeemills.com/,https://www.burpeemills.com/municipality/employment-opportunity,unknown,generic_dom,0.5,link_text,2026-10-01,
mun-0262-township-of-casey,Township of Casey,municipality,https://casey.ca/,https://casey.ca/2026/09/03/job-opportunity-road-superintendent,unknown,generic_dom,0.5,link_text,2026-10-01,
mun-0275-township-of-conmee,Township of Conmee,municipality,https://www.conmee.com/,https://www.conmee.com/p/employment,unknown,generic_dom,0.5,link_text,2026-10-01,
mun-0281-township-of-drummond-north-elmsley,Township of Drummond-North Elmsley,municipality,http://www.dnetownship.ca/,https://www.dnetownship.ca/township-services/employment,unknown,generic_dom,0.5,link_text,2026-10-01,
mun-0297-township-of-gauthier,Township of Gauthier,municipality,https://townshipofgauthier.ca/,https://townshipofgauthier.ca/careers,unknown,generic_dom,0.5,link_text,2026-10-01,
mun-0307-township-of-hilliard,Township of Hilliard,municipality,https://townshipofhilliard.ca/,https://townshipofhilliard.ca/municipal-government/rfqs-and-rfps,unknown,generic_dom,0.5,link_text,2026-10-01,
mun-0310-township-of-horton,Township of Horton,municipality,https://www.hortontownship.ca/,https://www.hortontownship.ca/careers,unknown,generic_dom,0.5,path_guess,2026-10-01,
mun-0315-township-of-james,Township of James,municipality,https://elklake.ca/,https://elklake.ca/employment,unknown,generic_dom,0.5,path_guess,2026-10-01,
mun-0318-township-of-joly,Township of Joly,municipality,https://townshipofjoly.com/,https://townshipofjoly.com/en/contacts/job-opportunities,unknown,generic_dom,0.5,link_text,2026-10-01,
mun-0323-township-of-laird,Township of Laird,municipality,https://lairdtownship.ca/,https://lairdtownship.ca/employment-opportunities,unknown,generic_dom,0.5,link_text,2026-10-01,
mun-0347-township-of-mcmurrich-monteith,Township of McMurrich/Monteith,municipality,https://www.mcmurrichmonteith.com/,https://www.mcmurrichmonteith.com/opportunities,unknown,generic_dom,0.5,path_guess,2026-10-01,
mun-0348-township-of-mcnab-braeside,Township of McNab-Braeside,municipality,https://mcnabbraeside.com/,https://mcnabbraeside.com/careers,unknown,generic_dom,0.5,path_guess,2026-10-01,
mun-0368-township-of-norwich,Township of Norwich,municipality,https://www.norwich.ca/,https://www.norwich.ca/our-township/employment,unknown,generic_dom,0.5,link_text,2026-10-01,
mun-0380-township-of-prince,Township of Prince,municipality,http://www.princetownship.ca/,http://www.princetownship.ca/join-our-team.html,unknown,generic_dom,0.5,path_guess,2026-10-01,
mun-0381-township-of-puslinch,Township of Puslinch,municipality,https://puslinch.ca/,https://puslinch.ca/doing-business/careers,unknown,generic_dom,0.5,link_text,2026-10-01,
mun-0387-township-of-sables-spanish-rivers,Township of Sables Spanish Rivers,municipality,https://www.sables-spanish.ca/?doing_wp_cron=1790864140.5911190509796142578125,https://www.sables-spanish.ca/employment-opportunities,unknown,generic_dom,0.5,link_text,2026-10-01,
mun-0393-township-of-sioux-narrows-nestor-falls,Township of Sioux Narrows - Nestor Falls,municipality,https://www.snnf.ca/,https://www.snnf.ca/career-opportunities,unknown,generic_dom,0.5,path_guess,2026-10-01,
mun-0427-township-of-whitewater-region,Township of Whitewater Region,municipality,https://www.whitewaterregion.ca/,https://www.whitewaterregion.ca/careers,unknown,generic_dom,0.5,path_guess,2026-10-01,
mun-0438-village-of-newbury,Village of Newbury,municipality,https://www.newbury.ca/,https://www.newbury.ca/government/careers,unknown,generic_dom,0.5,path_guess,2026-10-01,
mun-0442-village-of-sundridge,Village of Sundridge,municipality,https://www.sundridge.ca/,https://www.sundridge.ca/jobs,unknown,generic_dom,0.5,path_guess,2026-10-01,
fn-0578-webequie,Webequie,first_nation,http://www.webequie.ca/,http://www.webequie.ca/teaching-application,unknown,generic_dom,0.5,link_text,2026-10-01,
fn-0582-wikwemikong,Wikwemikong,first_nation,http://www.wikwemikong.ca/,https://www.wiikwemkoong.ca/employment-opportunities-for-college-university-students,unknown,generic_dom,0.5,link_text,2026-10-01,
fn-0584-zhiibaahaasing-first-nation,Zhiibaahaasing First Nation,first_nation,http://www.uccmm.ca/zhiibaahaasing.html,https://www.uccmm.ca/employment-opportunities.html,unknown,generic_dom,0.5,path_guess,2026-10-01,
